 [
    {
      "id": 1,
      "name": "liaowj",
      "age": 26,
      "sex": "male",
      "tel": "18659297460",
      "birthDay": 1420353337104
    },
    {
      "id": 2,
      "name": "zhangs",
      "age": 18,
      "sex": null,
      "tel": "12345678901"
    },
    {
      "id": 3,
      "name": "lis",
      "age": 15,
      "sex": "male",
      "tel": "18478415474"
    },
    {
      "id": 4,
      "name": "wangw",
      "age": 48,
      "sex": "male",
      "tel": "48798187487"
    },
    {
      "id": 5,
      "name": "zhaol",
      "age": 24,
      "sex": "female",
      "tel": "15487921474"
    },
    {
      "id": 6,
      "name": "chenq",
      "age": 34,
      "sex": "female",
      "tel": "1547856141"
    },
    {
      "id": 7,
      "name": "zhoub",
      "age": 94,
      "sex": "male",
      "tel": "4877848745"
    }
  ]
